[{
  "_id": {
    "$oid": "67b2faa751d10c2ad061b946"
  },
  "id": "505170900",
  "schoolName": "AKENTEN APPIAH-MENKA UNIVERSITY OF SKILLS TRAINING AND ENTREPRENEURIAL DEVELOPMENT",
  "tableDescription": "FINAL LECTURE TIMETABLE FOR REGULAR & EVENING PROGRAMMES FOR 2024/2025 ACADEMIC YEAR, SEMESTER ONE ",
  "tableFooter": "LECTURERS START ON MONDAY 27TH JANUARY 2025 AND ENDS AT FRIDAY APRIL 19TH 2025\r\n",
  "year": "2024/2025",
  "semester": "1st Semester",
  "config": {
    "id": "505170900",
    "year": "2024/2025",
    "semester": "1st Semester",
    "days": [
      "Monday",
      "Tuesday",
      "Wednesday",
      "Thursday",
      "Friday",
      "Saturday"
    ],
    "periods": [
      {
        "name": "Period 1",
        "startTime": "7:00am",
        "endTime": "10:00am",
        "position": 1,
        "isBreak": false
      },
      {
        "name": "Period 2",
        "startTime": "10:00am",
        "endTime": "1:00pm",
        "position": 2,
        "isBreak": false
      },
      {
        "name": "Period 3",
        "startTime": "1:00pm",
        "endTime": "2:00pm",
        "position": 3,
        "isBreak": true
      },
      {
        "name": "Period 4",
        "startTime": "2:00pm",
        "endTime": "5:00pm",
        "position": 4,
        "isBreak": false
      },
      {
        "name": "Period 5",
        "startTime": "5:00pm",
        "endTime": "8:00pm",
        "position": 5,
        "isBreak": false
      }
    ],
    "libDay": "Thursday",
    "libLevel": "200",
    "preInternshipDay": null,
    "postInternshipDay": null,
    "preInternshipLevel": null,
    "postInternshipLevel": null,
    "preInternshipPeriod": null,
    "postInternshipPeriod": null,
    "regLibPeriod": {
      "name": "Period 1",
      "startTime": "7:00am",
      "endTime": "10:00am",
      "position": 1,
      "isBreak": false
    },
    "isCurrent": true,
    "studyMode": "Regular & Evening"
  },
  "studyMode": "Regular & Evening",
  "__v": 0
},
{
  "_id": {
    "$oid": "67b2fac551d10c2ad061c044"
  },
  "id": "225807293",
  "schoolName": "AKENTEN APPIAH-MENKA UNIVERSITY OF SKILLS TRAINING AND ENTREPRENEURIAL DEVELOPMENT",
  "tableDescription": "FINAL LECTURE TIMETABLE FOR WEEKEND PROGRAMMES FOR 2024/2025 ACADEMIC YEAR, SEMESTER ONE ",
  "tableFooter": "LECTURERS START ON MONDAY 27TH JANUARY 2025 AND ENDS AT FRIDAY APRIL 19TH 2025",
  "year": "2024/2025",
  "semester": "1st Semester",
  "config": {
    "id": "225807293",
    "year": "2024/2025",
    "semester": "1st Semester",
    "days": [
      "Saturday",
      "Sunday"
    ],
    "periods": [
      {
        "name": "Period 1",
        "startTime": "7:00am",
        "endTime": "10:00am",
        "position": 1,
        "isBreak": false
      },
      {
        "name": "Period 2",
        "startTime": "10:00am",
        "endTime": "1:00pm",
        "position": 2,
        "isBreak": false
      },
      {
        "name": "Period 3",
        "startTime": "1:00pm",
        "endTime": "4:00pm",
        "position": 3,
        "isBreak": false
      },
      {
        "name": "Period 4",
        "startTime": "4:00pm",
        "endTime": "7:00pm",
        "position": 4,
        "isBreak": false
      }
    ],
    "libDay": "Sunday",
    "libLevel": "200",
    "preInternshipDay": null,
    "postInternshipDay": null,
    "preInternshipLevel": null,
    "postInternshipLevel": null,
    "preInternshipPeriod": null,
    "postInternshipPeriod": null,
    "regLibPeriod": {
      "name": "Period 1",
      "startTime": "7:00am",
      "endTime": "10:00am",
      "position": 1,
      "isBreak": false
    },
    "isCurrent": true,
    "studyMode": "Weekend"
  },
  "studyMode": "Weekend",
  "__v": 0
}]